City,City_ID,Country,Latitude,Longitude,Temperature,Humidity,Max Temp,Wind Speed,Cloudiness
Methóni,257122,GR,36.82,21.7,282.58,93,284.82,1.0,43
Puerto Ayora,3652764,EC,-0.74,-90.35,299.58,78,300.15,3.6,20
Vaini,4032243,TO,-21.2,-175.2,302.15,66,302.15,4.6,75
Ponta do Sol,2264557,PT,32.67,-17.1,285.7,71,287.15,2.1,20
Ushuaia,3833367,AR,-54.8,-68.3,280.15,65,280.15,6.2,40
Bluff,2206939,NZ,-46.6,168.33,287.04,66,287.04,0.45,72
San Quintín,3984997,MX,30.48,-115.95,288.27,56,288.27,9.8,0
Punta Arenas,3874787,CL,-53.15,-70.92,278.92,70,279.15,1.15,91
Kaitangata,2208248,NZ,-46.28,169.85,286.14,57,286.14,0.69,65
Mattawa,5802636,US,46.74,-119.9,286.3,44,288.15,4.6,90
Albany,5106841,US,42.6,-73.97,280.38,68,283.15,5.1,1
Dingle,1714733,PH,11.0,122.67,300.52,77,300.52,4.75,70
Aksarayskiy,583683,RU,46.79,48.01,278.15,60,278.15,5.0,21
Rikitea,4030556,PF,-23.12,-134.97,298.3,73,298.3,3.77,94
Mahébourg,934322,MU,-20.41,57.7,295.93,86,295.93,0.89,99
Arouca,3575039,TT,10.63,-61.33,298.94,74,299.26,2.1,20
Aden,415189,YE,12.78,45.04,299.24,78,299.24,6.2,73
Vardø,777019,NO,70.37,31.11,269.15,73,269.15,4.1,33
Achit,584308,RU,56.8,57.9,271.24,97,271.24,3.25,15
Xuchang,1788046,CN,34.02,113.82,282.15,42,282.15,2.0,66
Ihosy,1064275,MG,-22.4,46.12,293.33,74,293.33,2.34,57
Cairns,2172797,AU,-16.92,145.77,300.84,78,301.15,4.6,40
Fortuna,5563839,US,40.6,-124.16,284.7,71,285.37,3.1,75
Chui,3443061,UY,-33.7,-53.46,295.04,84,295.04,6.2,49
Sitka,5557293,US,57.05,-135.33,277.51,80,278.15,1.63,90
Dikson,1507390,RU,73.51,80.55,260.26,95,260.26,4.73,92
Busselton,2075265,AU,-33.65,115.33,290.26,47,292.04,6.64,99
Saldanha,3361934,ZA,-33.01,17.94,287.15,71,287.15,3.6,1
Ţahţā,347634,EG,26.77,31.5,292.2,49,293.15,5.1,0
Chernyshevskiy,2025456,RU,63.01,112.47,263.99,94,263.99,1.3,97
Hermanus,3366880,ZA,-34.42,19.23,288.1,80,288.71,2.68,68
Botou,1816256,CN,38.07,116.57,279.14,45,279.14,4.3,26
Qaanaaq,3831208,GL,77.48,-69.36,252.19,68,252.19,2.8,6
Yar-Sale,1486321,RU,66.83,70.83,262.02,93,262.02,3.31,2
Sisauli,1256003,IN,29.42,77.47,289.55,82,289.55,1.35,40
Tiksi,2015306,RU,71.69,128.87,251.22,89,251.22,0.81,100
Tuatapere,2180815,NZ,-46.13,167.68,287.04,66,287.04,0.45,54
São Filipe,3374210,CV,14.9,-24.5,294.17,74,294.17,8.07,57
Bafra,751335,TR,41.57,35.91,283.15,81,283.15,1.0,75
Abalak,1512223,RU,58.13,68.59,268.06,97,268.06,2.75,68
Kenora,5991056,CA,49.82,-94.43,276.97,69,277.15,3.6,20
Bredasdorp,1015776,ZA,-34.53,20.04,285.27,81,287.59,37.6,85
Ponta Delgada,3372783,PT,37.73,-25.67,287.15,100,287.15,6.7,75
Saint-Philippe,935215,RE,-21.36,55.77,293.17,69,297.15,2.6,90
Kloulklubed,7671223,PW,7.04,134.26,302.15,74,302.15,7.2,75
Atuona,4020109,PF,-9.8,-139.03,300.77,79,300.77,7.31,78
Coyhaique,3894426,CL,-45.58,-72.07,285.15,54,285.15,1.5,75
Alta Floresta,6316343,BR,-9.88,-56.09,296.01,87,296.01,0.58,100
Ilorin,2337639,NG,8.5,4.55,301.04,63,301.04,4.29,83
Chokurdakh,2126123,RU,70.63,147.92,256.4,92,256.4,1.88,100
Wukari,2318921,NG,7.85,9.78,303.28,49,303.28,2.59,28
Bambous Virieux,1106677,MU,-20.34,57.76,295.93,86,295.93,0.89,87
Pisco,3932145,PE,-13.7,-76.22,295.58,78,296.15,6.7,40
Maués,3395062,BR,-3.38,-57.72,298.96,87,298.96,0.63,93
Saskylakh,2017155,RU,71.92,114.08,250.24,89,250.24,2.53,3
Saint-Ambroise,6137381,CA,48.55,-71.33,272.43,80,273.15,4.6,40
Nikolskoye,546105,RU,59.7,30.79,273.93,59,274.15,3.0,64
Lagoa,3372964,PT,39.05,-27.98,288.27,65,288.27,7.03,36
Kiryat Gat,293842,IL,31.61,34.76,288.65,88,290.37,3.1,20
Narsaq,3421719,GL,60.92,-46.05,272.15,54,272.15,1.5,100
Mataura,6201424,NZ,-46.19,168.86,287.04,66,287.04,0.45,67
Umm Hājar,2426370,TD,13.3,19.7,301.98,15,301.98,4.59,12
Nago,1856068,JP,26.59,127.98,296.1,87,296.15,4.6,90
Opotiki,2208332,NZ,-38.08,177.28,294.18,64,295.93,1.79,8
Jamestown,5122534,US,42.1,-79.24,279.97,65,283.15,4.1,1
Pozo Colorado,3437443,PY,-23.49,-58.8,294.91,93,294.91,1.86,82
Jalu,86049,LY,29.03,21.55,286.86,36,286.86,2.47,0
Cape Town,3369157,ZA,-33.93,18.42,286.87,87,288.71,2.1,25
Sabang,1214026,ID,5.89,95.32,301.38,70,301.38,1.75,97
Kiama,2161515,AU,-34.68,150.87,294.42,64,294.82,1.5,75
Longyearbyen,2729907,SJ,78.22,15.64,260.15,71,260.15,7.7,75
Arrondissement de Thonon-les-Bains,2972741,FR,46.25,6.5,276.97,62,280.15,0.5,71
Cap Malheureux,934649,MU,-19.98,57.61,295.93,86,295.93,0.89,98
Kapaa,5848280,US,22.08,-159.32,293.74,94,296.15,7.7,90
Pevek,2122090,RU,69.7,170.31,251.31,84,251.31,3.58,0
Hobart,2163355,AU,-42.88,147.33,292.02,59,293.71,5.7,1
Faanui,4034551,PF,-16.48,-151.75,301.68,65,301.68,3.07,75
Saint George,5546220,US,37.1,-113.58,283.02,40,285.37,4.1,20
Isangel,2136825,VU,-19.55,169.27,299.15,94,299.15,8.71,90
Touros,3386213,BR,-5.2,-35.46,300.15,83,300.15,2.6,20
Noumea,2139521,NC,-22.28,166.46,301.01,54,301.15,9.3,15
Talnakh,1490256,RU,69.49,88.4,267.15,92,267.15,5.0,100
Mar del Plata,3430863,AR,-38.0,-57.56,294.59,94,294.82,4.1,21
Castro,3466704,BR,-24.79,-50.01,289.16,66,289.16,2.61,19
Tautira,4033557,PF,-17.73,-149.15,303.15,66,303.15,4.1,100
East Grinstead,2650435,GB,51.12,-0.01,278.24,75,279.82,3.6,2
Haines Junction,5969025,CA,60.75,-137.51,262.14,77,262.14,2.56,99
Atar,2381334,MR,20.52,-13.05,290.6,26,290.6,1.18,0
Nanortalik,3421765,GL,60.14,-45.24,274.4,80,274.4,7.74,100
Barrow,5880054,US,71.29,-156.79,249.15,69,249.15,3.6,1
Bilma,2446796,NE,18.69,12.92,297.19,14,297.19,2.92,17
Norman Wells,6089245,CA,65.28,-126.83,251.15,52,251.15,5.7,75
Butaritari,2110227,KI,3.07,172.79,301.52,75,301.52,4.12,93
Makakilo City,5850554,US,21.35,-158.09,295.96,100,299.15,4.1,90
Mahabalipuram,1263997,IN,12.63,80.17,298.2,88,299.26,1.0,20
Husavik,2629833,IS,66.04,-17.34,268.15,92,268.15,2.1,90
Rawson,3839307,AR,-43.3,-65.1,292.44,56,292.44,3.16,9
Kozan,306112,TR,37.46,35.82,284.54,100,288.15,2.6,75
Dunedin,2191562,NZ,-45.87,170.5,287.04,51,287.04,2.68,48
Aksarka,1512019,RU,66.56,67.8,266.98,96,266.98,4.26,70
Carutapera,3402648,BR,-1.2,-46.02,299.82,85,299.82,4.67,99
Port Alfred,964432,ZA,-33.59,26.89,288.15,88,288.15,1.34,37
Pacific Grove,5380437,US,36.62,-121.92,286.39,58,288.15,4.6,20
Hong Kong,1819729,HK,22.29,114.16,297.26,83,298.71,1.5,40
Hithadhoo,1282256,MV,-0.6,73.08,301.55,69,301.55,3.28,97
Suzun,1490551,RU,53.78,82.31,267.96,97,267.96,3.22,90
Toyooka,1849831,JP,35.53,134.83,282.05,100,284.15,3.1,75
Nichinan,1855476,JP,31.6,131.37,289.73,77,292.15,5.7,75
Ostrovnoy,556268,RU,68.05,39.51,273.77,92,273.77,8.76,82
Arraial do Cabo,3471451,BR,-22.97,-42.03,294.15,94,294.15,1.5,30
Avarua,4035715,CK,-21.21,-159.78,302.15,70,302.15,3.1,75
Chepareria,199604,KE,1.31,35.2,289.9,52,289.9,1.75,100
Sola,2134814,VU,-13.88,167.55,304.15,74,304.15,1.0,75
Cabedelo,3404558,BR,-6.98,-34.83,298.15,94,298.15,1.5,20
Severo-Kuril'sk,2121385,RU,50.68,156.12,274.7,91,274.7,7.76,97
Merauke,2082539,ID,-8.47,140.33,301.99,79,301.99,1.46,95
Tsumeb,3352593,NA,-19.23,17.72,292.95,46,292.95,1.38,56
Coquimbo,3893629,CL,-29.95,-71.34,289.15,93,289.15,3.6,75
Zarautz,3104316,ES,43.28,-2.17,277.67,81,281.15,2.1,72
Port-Gentil,2396518,GA,-0.72,8.78,300.73,84,300.73,4.49,66
Clyde River,5924351,CA,70.47,-68.59,259.15,92,259.15,9.8,90
Parry Sound,6098747,CA,45.35,-80.03,274.01,84,274.82,0.85,0
Adrar,2381972,MR,20.5,-10.07,295.09,19,295.09,3.92,0
Smithers,6149996,CA,54.78,-127.17,282.15,42,282.15,2.1,90
Gunnedah,2164206,AU,-30.98,150.25,296.15,56,296.15,4.6,0
Hanmer Springs,2190299,NZ,-42.52,172.82,282.67,61,282.67,1.95,97
Ilulissat,3423146,GL,69.22,-51.1,269.15,92,269.15,3.6,100
Bud,4255151,US,39.45,-86.18,287.49,93,292.59,2.1,90
Upernavik,3418910,GL,72.79,-56.15,265.0,89,265.0,3.83,100
Torbay,6167817,CA,47.67,-52.73,274.31,89,274.82,10.3,90
Souillac,933995,MU,-20.52,57.52,295.93,86,295.93,0.89,94
Vredendal,3359736,ZA,-31.67,18.5,287.55,55,287.55,1.61,0
Acarí,3948613,PE,-15.43,-74.62,296.41,65,296.41,1.32,39
Bethel,5282297,US,41.37,-73.41,283.9,25,287.04,1.5,1
Coahuayana Viejo,4013679,MX,18.73,-103.68,301.15,51,301.15,5.1,5
Cabo San Lucas,3985710,MX,22.89,-109.91,296.33,60,297.59,3.6,40
Hambantota,1244926,LK,6.12,81.12,296.15,100,296.15,1.5,44
Anadyr,2127202,RU,64.75,177.48,255.27,70,255.37,5.0,18
Cherskiy,2126199,RU,68.75,161.3,263.04,87,263.04,8.04,91
Fuente de Oro,3682299,CO,3.46,-73.61,301.51,49,301.51,1.59,61
Pueblo Nuevo,4007676,MX,23.38,-105.38,293.37,28,293.37,3.18,46
Bogorodskoye,575521,RU,56.55,37.88,277.02,71,277.02,1.42,100
Fairbanks,5861897,US,64.84,-147.72,262.39,36,263.15,7.2,20
Laguna,5364271,US,38.42,-121.42,288.26,44,290.93,5.7,1
Calvinia,3369174,ZA,-31.47,19.78,287.01,24,287.01,1.87,0
Yellowknife,6185377,CA,62.46,-114.35,256.04,59,256.15,6.2,75
Tigil',2120612,RU,57.8,158.67,273.51,89,273.51,4.01,100
Abu Samrah,172515,SY,35.3,37.18,286.41,62,286.41,3.32,0
Khao Yoi,1152919,TH,13.24,99.82,299.42,78,300.15,1.5,10
Kirakira,2178753,SB,-10.45,161.92,303.68,63,303.68,1.34,100
Ushtobe,1517637,KZ,45.25,77.98,276.05,62,276.05,1.63,0
Sisimiut,3419842,GL,66.94,-53.67,268.98,95,268.98,14.71,99
Łęczna,766583,PL,51.3,22.88,277.56,66,277.56,3.1,0
Buraidah,107304,SA,26.33,43.98,303.15,30,303.15,4.1,40
Ixtapa,4004293,MX,20.7,-105.2,298.65,74,299.15,3.1,5
Katsuura,2112309,JP,35.13,140.3,291.66,93,293.71,8.2,75
São José da Coroa Grande,3388456,BR,-8.9,-35.15,300.26,78,300.26,4.31,9
Olafsvik,3414079,IS,64.89,-23.71,272.49,85,272.49,2.57,25
Progreso,3521108,MX,21.28,-89.67,307.35,25,310.15,6.2,5
Uni,478996,RU,57.75,51.49,274.51,88,274.51,2.55,98
Al Bardīyah,80509,LY,31.76,25.09,285.97,68,285.97,4.01,0
Ishigaki,1861416,JP,24.34,124.16,296.15,94,296.15,9.8,75
Mokhsogollokh,2019867,RU,61.47,128.92,259.7,93,259.7,1.23,74
Verkhnevilyuysk,2013639,RU,63.45,120.32,259.49,94,259.49,0.19,93
Dubbo,2168305,AU,-32.25,148.62,295.15,56,295.15,5.7,86
Thompson,6165406,CA,55.74,-97.86,265.15,67,265.15,5.7,40
Juneau,5554072,US,58.3,-134.42,273.79,59,274.15,3.1,90
Saint-Pierre,935214,RE,-21.34,55.48,293.58,69,297.15,2.6,90
Pokhara,1282898,NP,28.23,83.98,289.93,31,289.93,1.3,100
Matara,1235846,LK,5.95,80.54,296.4,88,296.4,2.57,32
Kunming,1804651,CN,25.04,102.72,286.15,71,286.15,1.0,75
Tonj,365763,SS,7.27,28.68,299.82,42,299.82,2.31,24
Bella Union,3443631,UY,-30.28,-57.6,297.36,58,297.36,4.56,94
Vao,2137773,NC,-22.67,167.48,297.49,79,297.49,10.56,14
Igarka,1505991,RU,67.47,86.58,267.7,98,267.7,2.81,98
Pahrump,5509851,US,36.21,-115.98,286.95,17,288.15,4.6,20
Saint Paul Harbor,5866583,US,57.79,-152.41,279.15,70,279.15,6.2,90
Lillehammer,6453350,NO,61.11,10.47,271.48,77,271.48,2.24,1
Harrison,4429197,US,30.41,-89.04,297.8,69,299.15,5.1,1
Stupino,486968,RU,54.9,38.07,275.3,74,278.71,1.45,97
Koumac,2140558,NC,-20.57,164.28,299.94,68,299.94,4.38,65
Flinders,6255012,AU,-34.58,150.86,294.93,64,297.04,1.5,75
Rosetta,350203,EG,31.4,30.42,289.15,72,289.15,5.1,40
Petropavlovsk-Kamchatskiy,2122104,RU,53.05,158.65,274.15,100,274.15,5.0,90
Plettenberg Bay,964712,ZA,-34.05,23.37,290.66,51,290.66,2.45,79
Zamora,3649959,EC,-4.07,-78.96,294.68,55,294.68,0.59,71
Esperance,2071860,AU,-33.87,121.9,295.15,60,295.15,11.3,40
New Norfolk,2155415,AU,-42.78,147.06,292.2,56,293.71,4.6,2
Sabha,2212775,LY,27.04,14.43,291.8,23,291.8,2.73,0
Havelock,4470244,US,34.88,-76.9,292.67,73,296.15,2.6,1
Ahipara,2194098,NZ,-35.17,173.17,291.85,59,291.85,5.19,38
Beruwala,1249931,LK,6.48,79.98,297.91,86,297.91,1.57,1
Yangi Marg`ilon,1513491,UZ,40.43,71.72,281.15,75,281.15,2.1,86
Tuktoyaktuk,6170031,CA,69.45,-133.04,245.15,75,245.15,6.2,20
Presidencia Roque Sáenz Peña,3840300,AR,-26.79,-60.44,292.74,92,292.74,1.26,83
Asău,686090,RO,46.43,26.4,279.2,60,280.37,2.6,24
Verkhnyaya Inta,1487332,RU,65.98,60.31,270.98,98,270.98,7.71,99
Kaeo,2189343,NZ,-35.1,173.78,294.28,58,294.82,4.02,9
Yerbogachën,2012956,RU,61.28,108.01,268.99,94,268.99,5.37,100
Port Elizabeth,964420,ZA,-33.92,25.57,290.15,88,290.15,4.1,72
Sungai Raya,1625908,ID,0.7,108.9,298.79,90,298.79,2.39,95
Provideniya,4031574,RU,64.38,-173.3,260.16,90,260.16,8.96,100
Koindu,2409751,GN,8.44,-10.33,296.05,78,296.05,1.05,97
São Gabriel da Cachoeira,3662342,BR,-0.13,-67.09,299.25,84,299.25,0.92,79
Aranos,3358666,NA,-24.13,19.12,296.19,18,296.19,3.95,0
Lebu,3883457,CL,-37.62,-73.65,287.75,87,287.75,1.93,0
Velsk,475938,RU,61.07,42.1,273.76,91,273.76,2.82,73
Yairipok,1252810,IN,24.67,94.07,289.18,55,289.18,0.35,0
Hilo,5855927,US,19.73,-155.09,292.7,83,294.15,4.4,90
Ciudad Bolivar,3645532,VE,8.12,-63.55,305.47,37,305.47,7.01,26
São Geraldo do Araguaia,3388760,BR,-6.4,-48.55,297.93,88,297.93,1.33,99
Yulara,6355222,AU,-25.24,130.99,301.15,20,301.15,5.1,0
Aklavik,5882953,CA,68.22,-135.01,250.15,57,250.15,3.6,20
Ballina,2177069,AU,-28.87,153.57,295.9,73,297.15,4.6,90
Bacolod City,1729564,PH,10.67,122.95,301.79,66,301.79,3.18,63
Richards Bay,962367,ZA,-28.78,32.04,293.49,81,293.49,2.21,90
Boa Vista,3664980,BR,2.82,-60.67,306.15,43,306.15,4.6,20
Puerto Escondido,3520994,MX,15.85,-97.07,302.15,79,302.15,4.1,75
Korla,1529376,CN,41.76,86.15,280.37,93,280.37,2.68,73
East London,1006984,ZA,-33.02,27.91,290.99,72,290.99,6.19,37
Quelimane,1028434,MZ,-17.88,36.89,299.15,88,299.15,1.5,20
Sibolga,1213855,ID,1.74,98.78,298.53,80,298.53,1.39,90
Etchoropo,4006387,MX,26.77,-109.67,294.75,39,294.75,10.5,80
Guerrero Negro,4021858,MX,27.98,-114.06,289.21,52,289.21,9.98,0
Muroto-misakicho,1856392,JP,33.28,134.15,291.15,93,291.15,2.1,75
Praia,3374333,CV,14.92,-23.51,294.15,64,294.15,8.7,20
Kuril'sk,2123979,RU,45.23,147.88,275.24,93,275.24,8.74,100
Khipro,1173889,PK,25.83,69.38,294.33,58,294.33,2.9,0
Anáhuac,4013726,MX,27.23,-100.15,310.15,25,310.15,4.17,75
Bernal,3699350,PE,-5.45,-80.75,298.41,70,298.41,5.74,42
Picota,3693646,PE,-6.92,-76.33,290.15,100,290.15,0.72,75
Awjilah,88533,LY,29.11,21.29,286.52,36,286.52,1.95,0
Puerto Colombia,3671497,CO,10.99,-74.95,300.15,74,300.15,5.1,42
Farafangana,1065158,MG,-22.82,47.83,298.22,85,298.22,2.43,19
Waingapu,1622318,ID,-9.66,120.26,301.28,75,301.28,1.38,92
Talas,299900,TR,38.69,35.55,281.15,87,281.15,2.67,75
Carora,3646487,VE,10.18,-70.08,299.58,39,299.58,3.21,1
Inza,556283,RU,53.85,46.36,274.86,84,274.86,1.18,86
Shimoda,1852357,JP,34.67,138.95,292.15,100,292.15,8.7,75
George Town,1735106,MY,5.41,100.34,301.37,94,302.15,2.1,20
Khatanga,2022572,RU,71.97,102.5,260.15,94,260.15,3.26,32
Quillota,3874119,CL,-32.88,-71.27,290.15,82,290.15,1.5,90
Goderich,5962442,CA,43.75,-81.72,274.93,86,277.59,4.07,33
Walvis Bay,3359638,NA,-22.96,14.51,289.26,86,289.26,1.34,0
Vestmannaeyjar,3412093,IS,63.44,-20.27,273.96,84,273.96,5.16,13
Shingū,1847947,JP,33.73,135.98,289.15,100,289.15,1.5,75
Sikonge,149929,TZ,-5.63,32.77,291.15,100,291.15,1.48,75
Ribeira Grande,3372707,PT,38.52,-28.7,288.12,68,288.12,7.06,58
Abnūb,362973,EG,27.27,31.15,291.15,59,291.15,6.2,0
Salalah,286621,OM,17.02,54.09,298.15,78,298.15,1.5,20
Hailar,2037078,CN,49.2,119.7,264.41,84,264.41,5.39,0
Shahrud,135423,IR,36.42,54.98,279.93,49,279.93,0.9,64
Esim,2303611,GH,4.87,-2.24,300.23,84,300.23,3.02,81
Poum,2138555,NC,-20.23,164.02,299.2,77,299.2,7.94,74
Tacuatí,3436880,PY,-23.45,-56.58,299.21,59,299.21,2.26,85
Phang Nga,1151464,TH,8.45,98.53,301.15,83,301.15,0.5,20
Kondinskoye,1502697,RU,59.65,67.41,267.53,96,267.53,4.13,0
College,5859699,US,64.86,-147.8,262.3,36,264.15,7.2,20
Mackay,2159220,AU,-21.15,149.2,299.66,83,300.37,4.6,90
Bourail,2141714,NC,-21.57,165.48,299.72,60,299.72,3.86,19
Tambacounda,2244991,SN,13.75,-13.76,305.15,17,305.15,4.1,48
Assiut,359783,EG,27.18,31.18,291.15,59,291.15,6.2,0
Norrtälje,2688250,SE,59.76,18.7,274.42,59,277.15,3.6,0
Bhadrāchalam,1276328,IN,17.67,80.88,297.79,56,297.79,0.99,0
Mogadishu,53654,SO,2.04,45.34,301.16,80,301.16,7.55,89
Mumford,2297810,GH,5.26,-0.76,300.17,85,300.17,2.48,10
Baykit,1510689,RU,61.67,96.37,268.34,93,268.34,3.46,99
Beringovskiy,2126710,RU,63.05,179.32,257.77,94,257.77,11.0,94
Nouadhibou,2377457,MR,20.93,-17.03,291.15,82,291.15,6.2,0
Jacareacanga,3397763,BR,-6.22,-57.75,297.24,87,297.24,1.0,93
Cidreira,3466165,BR,-30.18,-50.21,296.07,76,296.07,9.68,21
Morón,3430545,AR,-34.65,-58.62,296.77,78,298.71,2.6,75
Phalaborwa,965528,ZA,-23.94,31.14,291.15,100,291.15,2.6,65
Beloha,1067565,MG,-25.17,45.05,295.16,91,295.16,2.26,58
Carnarvon,2074865,AU,-24.87,113.63,298.15,83,298.15,8.2,90
Casa Grande,5288636,US,32.88,-111.76,289.94,21,291.15,6.7,1
Tasiilaq,3424607,GL,65.61,-37.64,268.15,45,268.15,3.6,100
Qui Nhon,1568574,VN,13.77,109.23,299.01,77,299.01,2.28,77
Osakarovka,1520327,KZ,50.56,72.57,267.05,94,267.05,2.39,96
Humaitá,3664078,BR,-7.51,-63.02,298.56,87,298.56,1.13,95
Haltern am See,2911395,DE,51.74,7.18,281.03,70,283.15,2.6,5
Moose Factory,6078372,CA,51.26,-80.61,268.15,62,268.15,4.6,75
Calabozo,3647444,VE,8.92,-67.43,303.83,28,303.83,4.48,20
Kargopol',552465,RU,61.51,38.95,273.8,88,273.8,3.14,93
Timrå,2669047,SE,62.49,17.33,271.45,100,273.71,1.5,8
Iqaluit,5983720,CA,63.75,-68.51,254.21,70,254.26,1.0,20
Alice Springs,2077895,AU,-23.7,133.88,301.15,20,301.15,3.1,1
Cotonou,2394819,BJ,6.37,2.42,300.62,83,300.62,4.32,67
Jardim,3460087,BR,-21.48,-56.14,297.94,73,297.94,2.29,82
Port Hardy,6111862,CA,50.7,-127.42,281.15,87,281.15,5.7,90
San Patricio,3985168,MX,19.22,-104.7,301.15,78,301.15,7.7,5
Vostok,2013279,RU,46.49,135.88,265.86,83,265.86,7.34,30
Elizabeth City,4465088,US,36.29,-76.25,289.9,77,292.15,3.6,1
Cayenne,3382160,GF,4.93,-52.33,298.15,94,298.15,3.35,75
Tegul'det,1489822,RU,57.31,88.17,269.11,96,269.11,3.98,99
Río Gallegos,3838859,AR,-51.62,-69.22,280.15,93,280.15,3.6,90
Vuktyl,470905,RU,63.86,57.31,271.37,97,271.37,3.94,97
Port Lincoln,2063036,AU,-34.73,135.87,296.76,32,296.76,6.43,67
Corning,5113760,US,42.14,-77.05,278.66,49,282.15,4.1,1
Saint-Joseph,6690296,RE,-21.37,55.62,293.13,69,297.15,2.6,90
Bengkulu,1649150,ID,-3.8,102.27,298.9,79,298.9,1.49,99
Tessalit,2449893,ML,20.2,1.01,296.26,17,296.26,1.92,5
Bariloche,7647007,AR,-41.15,-71.31,286.15,62,286.15,9.8,40
Arman',2127060,RU,59.7,150.17,267.93,95,267.93,9.32,100
Keetmanshoop,3356264,NA,-26.58,18.13,295.15,24,295.15,1.5,0
Birjand,140463,IR,32.87,59.22,277.15,86,277.15,0.15,30
Antalaha,1071296,MG,-14.9,50.28,297.96,90,297.96,4.28,100
Wajir,178443,KE,1.75,40.06,298.23,76,298.23,4.75,87
Blythe,5329649,US,33.61,-114.6,292.09,13,294.26,5.1,40
Yenagoa,2318123,NG,4.92,6.26,299.13,90,299.13,1.7,83
Sawtell,2150163,AU,-30.38,153.1,296.12,69,297.15,7.2,75
Bertoua,2234359,CM,4.58,13.68,293.99,75,293.99,1.1,95
Goma,216281,CD,-1.68,29.22,290.45,51,290.45,0.81,100
Westport,4845585,US,41.14,-73.36,284.45,19,288.15,2.6,1
Bondoukou,2291136,CI,8.03,-2.8,299.79,62,299.79,1.33,17
Cavallino,3179323,IT,40.31,18.2,280.93,87,282.59,3.72,40
Katrineholm,2701223,SE,59.0,16.21,273.68,79,278.15,1.0,0
Dhidhdhoo,1337612,MV,6.88,73.1,301.57,68,301.57,2.43,79
Sur,286245,OM,22.57,59.53,296.04,71,296.04,3.87,24
La Paz,3911925,BO,-16.5,-68.15,281.15,81,281.15,3.1,75
Dongsheng,1812256,CN,39.82,109.98,272.99,37,272.99,3.4,96
Wanaka,2184707,NZ,-44.7,169.15,284.89,49,284.89,2.43,75
Pinheiro Machado,3453741,BR,-31.58,-53.38,293.16,83,293.71,5.62,89
Loa Janan,1637510,ID,-0.58,117.09,298.33,94,298.33,2.28,100
Chicama,3698359,PE,-7.84,-79.15,297.65,66,297.65,2.56,61
Inuvik,5983607,CA,68.35,-133.72,250.15,57,250.15,3.6,20
Puerto Ayacucho,3629710,VE,5.66,-67.62,307.15,34,307.15,4.1,45
Bayir,304183,TR,37.27,28.22,284.15,100,284.15,1.5,75
Ucluelet,6171633,CA,48.93,-125.55,281.01,93,281.15,4.1,90
Khedbrahma,1266806,IN,24.03,73.05,293.93,38,293.93,2.08,0
Warsaw,756135,PL,52.23,21.01,278.48,38,279.82,1.5,0
Agía Galíni,264260,GR,35.1,24.68,285.45,66,285.93,3.6,20
Ancud,3899695,CL,-41.87,-73.82,284.15,87,284.15,0.5,100
Koson,1217007,UZ,39.04,65.58,279.15,44,279.15,3.1,0
Bonnyville,5905616,CA,54.27,-110.73,277.15,55,277.15,2.1,90
Marrakesh,2542997,MA,31.63,-8.01,287.15,76,287.15,3.6,75
Marabu,1738050,MY,4.41,114.01,299.99,94,300.15,1.0,75
Nāndūra Buzurg,1261932,IN,20.83,76.45,297.83,57,297.83,1.47,24
Ürümqi,1529102,CN,43.8,87.6,276.15,34,276.15,2.0,0
Port Augusta,2063056,AU,-32.5,137.77,298.56,22,298.71,4.6,42
Meadow Lake,5478673,US,34.8,-106.54,281.21,33,283.15,11.3,40
Rurrenabaque,3906209,BO,-14.44,-67.53,296.59,86,296.59,0.42,100
Cooma,2170577,AU,-36.23,149.13,288.15,62,288.15,6.7,99
Lakes Entrance,2160735,AU,-37.88,147.98,296.48,46,296.48,4.47,100
Henties Bay,3356832,NA,-22.12,14.28,289.26,86,289.26,1.34,0
Half Moon Bay,5354943,US,37.46,-122.43,286.17,62,288.15,4.1,40
Phibun Mangsahan,1607730,TH,15.24,105.23,300.55,78,301.15,1.5,26
Champerico,3598787,GT,14.3,-91.92,301.91,68,301.91,3.23,72
Ayan,2027316,RU,56.45,138.17,262.98,85,262.98,5.15,97
Batagay-Alyta,2027042,RU,67.8,130.41,257.16,85,257.16,1.0,100
Aksu,1529660,CN,41.12,80.26,278.37,36,278.37,0.22,80
Palimbang,1696105,PH,6.21,124.19,301.46,69,301.46,2.4,93
Qaqortoq,3420846,GL,60.72,-46.03,272.15,54,272.15,1.5,100
Lüderitz,3355672,NA,-26.65,15.16,287.15,87,287.15,1.0,0
Berkåk,3161622,NO,62.83,10.01,274.48,73,275.37,1.79,75
Geraldton,2070998,AU,-28.77,114.6,294.66,88,295.15,7.2,90
Esso,2125711,RU,55.93,158.7,271.85,82,271.85,3.21,88
Spencer,4877138,US,43.14,-95.14,281.51,87,282.15,7.7,90
Marzuq,72181,YE,14.4,46.47,293.1,44,293.1,1.73,53
Galveston,4692856,US,29.37,-94.97,298.25,83,299.82,5.7,90
Kavieng,2094342,PG,-2.57,150.8,301.44,73,301.44,0.93,82
Krasnofarfornyy,542400,RU,59.14,31.85,276.1,79,276.1,2.37,80
Kabo,2386042,CF,7.7,18.63,300.73,33,300.73,2.82,82
Il’inskiy,557140,RU,55.62,38.12,276.09,80,278.71,1.0,99
Jizan,105298,SA,17.33,42.67,300.15,69,300.15,1.5,14
Naryan-Mar,523392,RU,67.67,53.09,270.03,97,270.03,6.65,98
Ocampo,3994535,MX,21.65,-101.5,296.89,17,296.89,8.15,31
Nome,5870133,US,64.5,-165.41,260.52,94,260.52,8.08,100
Nānākuli,5851349,US,21.39,-158.15,296.03,100,299.15,4.1,90
Chipping Sodbury,2653137,GB,51.54,-2.39,277.25,69,278.71,7.2,28
Ylöjärvi,630752,FI,61.56,23.6,274.14,69,274.82,2.6,58
Cockburn Town,3576994,TC,21.46,-71.14,298.0,70,298.0,5.44,0
Wahpeton,5062355,US,46.27,-96.61,281.7,61,283.15,1.27,10
Diré,2458624,ML,12.28,-10.97,302.18,37,302.18,0.88,22
Kapit,1737185,MY,2.02,112.93,298.2,91,298.2,0.28,100
Iskateley,866062,RU,67.68,53.15,270.1,97,270.1,6.68,98
Kumul,1529484,CN,42.8,93.45,276.75,40,276.75,2.57,3
Kattivākkam,1267433,IN,13.22,80.32,298.26,88,299.26,1.0,20
Yaan,2338660,NG,7.38,8.57,302.9,57,302.9,4.96,43
Sheksna,495062,RU,59.21,38.51,274.8,82,274.8,2.18,78
Biharamulo,161154,TZ,-2.63,31.31,289.6,65,289.6,1.04,99
Los Llanos de Aridane,2514651,ES,28.66,-17.92,288.15,67,288.15,2.6,5
Inhambane,1045114,MZ,-23.86,35.38,297.74,84,297.74,7.31,54
Leningradskiy,2123814,RU,69.38,178.42,249.08,85,249.08,4.74,46
Durban,1007311,ZA,-29.86,31.03,291.69,88,295.37,1.0,75
Wamba,2319257,NG,8.93,8.6,302.65,37,302.65,0.93,25
Hyères,6451497,FR,43.12,6.12,283.28,81,285.37,1.0,98
Maningrida,2067089,AU,-12.07,134.27,300.92,77,300.92,3.86,18
Bilibino,2126682,RU,68.05,166.44,259.35,81,259.35,1.63,58
Nishihara,1855342,JP,26.18,127.76,296.1,94,296.15,2.6,90
Palana,2122262,RU,59.12,159.97,270.51,91,270.51,3.43,82
Labuhan,8079926,ID,-6.88,112.21,300.55,80,300.55,1.06,83
Vila Franca do Campo,3372472,PT,37.72,-25.43,287.15,100,287.15,6.7,75
Luba,2309528,GQ,3.46,8.55,300.15,94,300.15,2.6,20
Ulladulla,2145554,AU,-35.35,150.47,292.88,64,294.26,1.5,75
Lata,2738381,PT,40.16,-8.33,280.28,87,283.71,1.5,39
Maragogi,3395458,BR,-9.01,-35.22,299.94,80,299.94,3.75,1
Laas,3175096,IT,46.62,10.7,275.54,47,278.71,0.89,5
Del Rio,5520076,US,29.36,-100.9,302.15,51,302.15,3.6,1
Kombissiri,2359227,BF,12.07,-1.34,303.65,19,304.15,2.1,80
Bom Jesus,3405304,BR,-9.07,-44.36,296.56,82,296.56,1.38,67
Pittsburg,5383465,US,38.03,-121.88,286.35,54,289.15,6.2,75
Sémbé,2255304,CG,1.65,14.58,295.72,74,295.72,0.83,38
Russell,4047434,US,32.35,-85.2,296.93,78,299.15,1.66,1
Miles City,5666176,US,46.41,-105.84,283.83,25,284.15,3.1,1
Karla,590447,EE,59.37,24.93,273.68,81,275.37,1.5,84
Fenoarivo Atsinanana,1064980,MG,-17.37,49.42,297.0,89,297.0,2.38,100
Çumra,317844,TR,37.57,32.77,281.15,93,281.15,2.1,75
Barranca,3946820,PE,-10.75,-77.77,296.98,73,296.98,3.39,77
Ajdabiya,89113,LY,30.76,20.23,287.61,36,287.61,3.46,0
Terrace,6162949,CA,54.52,-128.6,280.15,75,280.15,9.3,75
Porto Velho,3662762,BR,-8.76,-63.9,297.15,94,297.15,2.1,75
Hede,1808744,CN,33.77,120.25,281.23,54,281.23,5.28,100
Linjiang,2036069,CN,41.81,126.91,271.04,73,271.04,3.51,0
Qingdao,1797929,CN,36.1,120.37,280.94,26,281.48,5.0,100
Kem',551145,RU,64.96,34.58,274.04,92,274.04,4.92,97
Brawley,5330567,US,32.98,-115.53,293.36,19,294.15,5.7,1
Qandala,53157,SO,11.47,49.87,300.19,72,300.19,3.36,7
Gemeente Wageningen,2745087,NL,51.97,5.67,280.04,75,281.48,5.1,3
Posse,3452599,BR,-14.09,-46.37,294.08,76,294.08,2.23,98
Lumphat,1830377,KH,13.49,106.98,300.22,64,300.22,1.17,78
Kruisfontein,986717,ZA,-34.0,24.73,287.95,77,287.95,4.37,76
Lavrentiya,4031637,RU,65.58,-171.0,258.97,89,258.97,10.4,100
Mikuni,1857260,JP,36.22,136.15,283.15,87,283.15,7.7,75
Basco,1726449,PH,20.45,121.97,299.63,84,299.63,8.94,12
Nesna,3144661,NO,66.2,13.02,275.04,83,275.04,13.44,90
Manadhoo,1337618,MV,5.77,73.38,301.76,71,301.76,4.17,44
Christchurch,2192362,NZ,-43.53,172.63,286.06,62,287.59,5.7,96
Hamilton,4513583,US,39.18,-84.53,287.72,82,290.93,5.1,90
Lompoc,5367788,US,34.64,-120.46,286.77,50,289.26,8.2,20
Klaksvík,2618795,FO,62.23,-6.59,274.15,64,274.15,9.3,88
Praia da Vitória,3372760,PT,38.73,-27.07,286.15,93,286.15,5.96,75
San Rafael,3836669,AR,-34.62,-68.33,296.61,29,296.61,5.17,0
Zuwārah,2208425,LY,32.93,12.08,289.36,64,289.36,4.17,4
Ashquelon,295620,IL,31.67,34.57,288.8,88,290.37,3.1,20
Lorengau,2092164,PG,-2.02,147.27,302.07,75,302.07,2.98,99
São Raimundo das Mangabeiras,3388147,BR,-7.02,-45.48,297.87,82,297.87,2.13,89
Waipawa,2206874,NZ,-41.41,175.52,284.53,87,285.37,12.9,100
Kincardine,2645525,GB,56.07,-3.72,275.7,100,277.04,1.0,87
Turukhansk,1488903,RU,65.82,87.98,267.58,98,267.58,2.53,100
São Félix do Xingu,3388847,BR,-6.64,-51.99,296.45,89,296.45,0.54,100
Comodoro Rivadavia,3860443,AR,-45.87,-67.5,294.15,46,294.15,9.3,85
Rabo de Peixe,3372745,PT,37.8,-25.58,287.15,100,287.15,6.7,75
Mineiros,3457147,BR,-17.57,-52.55,294.05,74,294.05,1.97,97
Gualaquiza,3657661,EC,-3.4,-78.55,291.26,63,291.26,0.26,99
Pitsunda,615460,GE,43.16,40.34,284.82,62,287.04,3.0,82
Caravelas,3466980,BR,-17.71,-39.25,298.14,79,298.14,5.44,29
Coulommiers,3023240,FR,48.81,3.08,278.41,80,280.37,2.1,81
Greeley,5577592,US,40.42,-104.71,274.3,86,276.15,7.7,90
Quisqueya,3494121,DO,18.56,-69.41,297.74,88,298.15,2.88,40
Neiafu,4032420,TO,-18.65,-173.98,302.15,70,302.15,4.6,20
Aranda de Duero,3129877,ES,41.67,-3.69,276.12,55,276.12,1.8,2
Canutama,3664716,BR,-6.53,-64.38,298.08,91,298.08,1.14,88
Malatya Province,304919,TR,38.5,38.0,282.15,93,282.15,3.1,75
Pemangkat,1631637,ID,1.17,108.97,298.59,88,298.59,2.77,98
Alofi,4036284,NU,-19.06,-169.92,302.15,70,302.15,6.7,63
Hasaki,2112802,JP,35.73,140.83,292.06,94,293.15,2.1,75
Namatanai,2090021,PG,-3.67,152.43,301.34,72,301.34,1.08,87
Charlestown,2171766,AU,-32.95,151.67,294.44,77,295.93,4.1,90
Ambilobe,1082243,MG,-13.2,49.05,296.91,93,296.91,0.1,100
Chimbote,3698304,PE,-9.09,-78.58,297.22,74,297.22,2.93,49
Koslan,544084,RU,63.46,48.9,270.28,97,270.28,3.3,26
Izhmorskiy,1505228,RU,56.19,86.64,267.64,96,267.64,3.85,98
Tabas,113659,IR,33.6,56.92,284.15,66,284.15,2.1,15
Verkhoyansk,2013465,RU,67.54,133.38,257.19,88,257.19,1.12,98
Owerri,2325330,NG,5.48,7.03,299.28,89,299.28,1.72,100
Chivay,3943626,PE,-15.64,-71.6,282.87,22,282.87,2.91,84
Quatre Cocos,1106643,MU,-20.21,57.76,295.93,86,295.93,0.89,98
Petropavlovka,2017979,RU,50.61,105.32,269.4,74,269.4,2.06,0
Kitob,1216787,UZ,39.08,66.83,281.09,45,281.09,0.57,1
Santo Estêvão,3449467,BR,-12.43,-39.25,296.24,84,296.24,2.45,43
Kutum,371745,SD,14.2,24.67,295.2,14,295.2,1.2,15
Codrington,2171099,AU,-38.27,141.97,295.53,48,295.53,7.37,53
Luanda,2240449,AO,-8.84,13.23,300.15,83,300.15,3.6,40
Knyaze-Volkonskoye,2021954,RU,48.46,135.46,270.15,32,270.15,12.0,40
Saint-Louis,2246451,SN,16.33,-15.0,297.15,47,297.15,3.1,100
Amga,2027786,RU,60.9,131.96,259.85,90,259.85,1.53,100
Suntar,2015913,RU,62.14,117.63,264.12,95,264.12,1.09,94
Fatehābād,1271934,IN,29.52,75.45,289.23,83,289.23,2.34,0
Salinópolis,3389822,BR,-0.61,-47.36,300.57,84,300.57,5.56,75
Vila Velha,3445026,BR,-20.33,-40.29,297.56,78,298.15,2.1,1
Vendas Novas,2261740,PT,38.68,-8.46,283.82,76,285.37,1.5,17
Jacqueville,2287778,CI,5.21,-4.41,300.05,87,300.05,3.83,23
Kahului,5847411,US,20.89,-156.47,295.72,54,300.15,8.7,40
Mount Gambier,2156643,AU,-37.83,140.77,298.15,41,298.15,6.2,15
Manado,1636544,ID,1.49,124.85,302.15,70,302.15,1.5,20
Chokwé,1048364,MZ,-24.53,32.98,293.45,84,293.45,2.94,71
Airai,1651810,TL,-8.93,125.41,292.43,64,292.43,0.82,94
Saint-Augustin,6137462,CA,51.23,-58.65,274.02,95,274.02,8.94,100
Bosaso,64013,SO,11.28,49.18,300.06,76,300.06,2.89,47
Naze,1855540,JP,28.37,129.48,293.65,88,294.15,3.1,75
Chumikan,2025256,RU,54.72,135.31,264.71,85,264.71,6.07,100
Hofn,2630299,IS,64.25,-15.21,271.13,82,271.13,4.06,3
Griffith,4920986,US,41.53,-87.42,281.93,87,283.71,6.7,90
Itoman,1861280,JP,26.12,127.67,296.1,94,296.15,2.6,75
Iralaya,3608828,HN,15.0,-83.23,301.15,74,301.15,4.6,20
Santa Cruz de la Sierra,3904906,BO,-17.8,-63.17,298.15,83,298.15,1.5,47
Ouro Sogui,2246922,SN,15.61,-13.32,302.15,32,302.15,2.1,57
Lewisporte,6053446,CA,49.25,-55.05,274.2,97,274.82,8.2,90
Mandalgovi,2030065,MN,45.76,106.27,269.16,45,269.16,3.8,0
Mizdah,2214827,LY,31.45,12.98,288.77,28,288.77,3.51,7
Maiduguri,2331447,NG,11.85,13.16,300.86,15,300.86,3.24,16
Eyl,60019,SO,7.98,49.82,299.99,75,299.99,6.12,100
Rome,5134295,US,43.21,-75.46,276.77,55,279.15,2.6,1
Nelson Bay,2155562,AU,-32.72,152.15,293.93,77,295.37,4.1,90
Duluth,5024719,US,46.78,-92.11,277.83,93,282.15,0.13,90
Libertador General San Martín,3846915,AR,-23.81,-64.79,294.06,65,294.06,0.45,74
Aykhal,2027296,RU,66.0,111.5,259.15,100,259.15,2.0,20
Distrikt Brokopondo,3384481,SR,4.75,-55.17,297.27,91,297.27,2.38,63
Marshfield,5261969,US,44.67,-90.17,280.88,70,282.15,5.1,90
Rantauprapat,1214073,ID,2.1,99.83,297.38,87,297.38,0.87,99
Isiro,215771,CD,2.77,27.62,292.39,80,292.39,1.3,89
Porgera,2088143,PG,-5.47,143.2,283.15,36,283.15,0.75,89
Bandi̇̄pur,1283680,NP,27.93,84.42,291.08,43,291.08,0.78,100
Guane,3557758,CU,22.2,-84.09,298.76,75,298.76,2.12,0
Orël-Izumrud,803494,RU,43.46,39.92,284.8,62,287.04,3.0,100
Sūsangerd,137268,IR,31.56,48.18,292.15,59,292.15,2.1,75
Nizhniy Tsasuchey,2019118,RU,50.52,115.13,270.23,70,270.23,5.07,4
Wembley,2058682,AU,-31.93,115.8,294.21,52,294.82,7.7,75
Wad Rāwah,364071,SD,15.16,33.14,303.05,11,303.05,3.43,11
José de Freitas,3397230,BR,-4.76,-42.58,298.15,94,298.15,1.5,75
Eureka,5563397,US,40.8,-124.16,284.89,71,285.37,3.1,90
Akdepe,601551,TM,42.06,59.38,273.67,47,275.15,4.1,1
La Ronge,6050066,CA,55.1,-105.28,271.15,58,271.15,4.6,90
Aitape,2101169,PG,-3.14,142.35,300.49,82,300.49,3.79,92
Khāsh,1160571,IR,28.22,61.22,284.82,37,284.82,0.6,15
Maniitsoq,3421982,GL,65.42,-52.9,270.67,93,270.67,10.43,100
Luganville,2136150,VU,-15.53,167.17,302.55,73,302.55,3.64,98
Gerāsh,133595,IR,27.67,54.14,287.15,82,287.15,1.82,37
Lynchburg,4771075,US,37.41,-79.14,293.84,60,295.15,4.1,90
Vernon,6173864,CA,50.26,-119.27,286.15,32,286.15,6.2,90
Poltavka,1494500,RU,54.37,71.76,267.02,96,267.02,3.79,87
Ulaanbaatar,2028462,MN,47.91,106.88,264.15,66,264.15,1.44,0
Faya,110690,SA,18.39,42.45,288.65,67,289.15,2.6,31
Tuensang,1254133,IN,26.28,94.83,291.06,60,291.06,1.14,57
Samaniego,3670293,CO,1.34,-77.6,291.33,57,291.33,1.17,82
Tărtăşeşti,665479,RO,44.58,25.81,281.04,60,282.04,1.0,19
Outjo,3353715,NA,-20.12,16.15,294.15,64,294.15,1.5,41
Paamiut,3421193,GL,61.99,-49.67,272.32,91,272.32,3.09,100
Maumere,1635815,ID,-8.62,122.21,299.43,82,299.43,0.3,90
Guilin,1809498,CN,25.28,110.29,284.15,76,284.15,6.0,55
Dungarvan,2964528,IE,52.09,-7.63,279.92,81,280.37,4.1,3
Taoudenni,2450173,ML,22.68,-3.98,297.82,25,297.82,0.25,76
San Jose de Guanipa,3628142,VE,8.89,-64.17,301.87,41,301.87,4.21,5
Belmonte,3470137,BR,-15.86,-38.88,299.15,74,299.15,2.6,20
